{
  "AvgAir_T": {
    "merra": [
      1.391450550194116,
      1.4518709378929748,
      1.279618084023604,
      1.1794553530630105,
      1.208229323364811,
      1.2471573974590742,
      1.112500099197081,
      1.19753225029904,
      1.1757952004222034,
      1.1054787452021393,
      1.2393920320635612,
      1.3789839126385621
    ],
    "era5": [
      1.1738170118631142,
      1.2263414293558066,
      1.1102017230540253,
      1.014404771183948,
      1.0554237299945923,
      1.12085653314142,
      1.076652549629371,
      1.1085881472642924,
      0.9893730019781252,
      0.9415585778147738,
      1.0269537613455044,
      1.1464456072811882
    ],
    "merra_importance_attrs": [
      0.03144929,
      0.0304261,
      0.06011948,
      0.16059415,
      0.10645256,
      0.09027466,
      0.09026841,
      0.18353161,
      0.05600094,
      0.06477333,
      0.09535262,
      0.03075684
    ],
    "era5_importance_attrs": [
      0.04805576,
      0.05376213,
      0.05312699,
      0.14849724,
      0.10149036,
      0.10100697,
      0.1043873,
      0.11192044,
      0.06668551,
      0.07599001,
      0.10084881,
      0.03422848
    ],
    "merra_rmse": 1.25,
    "era5_rmse": 1.08
  },
  "AvgWS": {
    "merra": [
      1.1194003091165068,
      1.095784072741676,
      1.1299486773145726,
      1.1316905489854037,
      1.148934783299151,
      1.1837994390198434,
      0.9588773972868527,
      0.96396382775088,
      1.012805464151414,
      0.9949349505084594,
      1.0632189909204843,
      1.0416025245759053
    ],
    "era5": [
      0.972968942485928,
      0.9713175613983492,
      0.9952475323068596,
      0.9754252306018747,
      0.9802349630532523,
      1.0469150076803777,
      0.8806331664234774,
      0.8505011419121487,
      0.8615662480602152,
      0.8465519292547,
      0.9282242684584372,
      0.9189584715785917
    ],
    "merra_importance_attrs": [
      0.03510837,
      0.04349652,
      0.07226319,
      0.11567983,
      0.21130979,
      0.09271359,
      0.11292878,
      0.1032016,
      0.05794268,
      0.05031272,
      0.05901797,
      0.04602497
    ],
    "era5_importance_attrs": [
      0.06024536,
      0.05646359,
      0.07232661,
      0.12709189,
      0.14492413,
      0.09892701,
      0.11125233,
      0.10298395,
      0.05471238,
      0.05730322,
      0.07218252,
      0.04158699
    ],
    "merra_rmse": 1.07,
    "era5_rmse": 0.932
  },
  "Pluvio_Rain": {
    "merra": [
      0.05512366376872269,
      0.049010157044906306,
      0.06794205179056523,
      0.18184932147478894,
      0.39346817008738894,
      0.8025370339603082,
      0.8551863457389631,
      0.6729462916722563,
      0.574228831901641,
      0.1920194172502065,
      0.07282146165460616,
      0.05556344296572902
    ],
    "era5": [
      0.07142336922183144,
      0.061781190313367845,
      0.07743673195168144,
      0.21333180803879442,
      0.44666845856940157,
      0.8589380599294586,
      0.9096895311609442,
      0.7182025928189217,
      0.6188614052492037,
      0.23412595210361917,
      0.09251211611242768,
      0.06967945686955082
    ],
    "merra_importance_attrs": [
      0.02542879,
      0.03064463,
      0.07840794,
      0.13661222,
      0.11879052,
      0.14753921,
      0.13447127,
      0.11322817,
      0.0694378,
      0.02657826,
      0.04802769,
      0.07083348
    ],
    "era5_importance_attrs": [
      0.00211525,
      0.00288224,
      0.00258767,
      0.01009969,
      0.00955072,
      0.91991857,
      0.01125256,
      0.02421916,
      0.00356958,
      0.00277558,
      0.0090218,
      0.00200718
    ],
    "merra_rmse": 0.451,
    "era5_rmse": 0.486
  },
  "Press_hPa": {
    "merra": [
      1.0257682000666704,
      0.9787700603132535,
      1.0432365384189632,
      1.4044012997137079,
      1.4425372129895337,
      1.46984289537571,
      1.686868160881315,
      1.8734308857493855,
      1.5174083922700645,
      1.5763811105634564,
      1.1388384526361988,
      0.9074022102882086
    ],
    "era5": [
      0.8339990771845461,
      0.8436478755181613,
      0.9102904420538668,
      1.3061837247115333,
      1.359905672400667,
      1.383329440950995,
      1.6187433210206168,
      1.790337814964621,
      1.3649289723989873,
      1.3980139742087692,
      0.9941565937394318,
      0.768045334726656
    ],
    "merra_importance_attrs": [
      0.08589164,
      0.09256467,
      0.24841164,
      0.1034802,
      0.01119311,
      0.00969347,
      0.26986883,
      0.01997247,
      0.0070529,
      0.01293204,
      0.00520478,
      0.13373424
    ],
    "era5_importance_attrs": [
      0.12185259,
      0.06325535,
      0.16906099,
      0.34879415,
      0.02043055,
      0.02353961,
      0.10643713,
      0.02401972,
      0.01100822,
      0.03724708,
      0.01115001,
      0.06320461
    ],
    "merra_rmse": 1.38,
    "era5_rmse": 1.27
  },
  "RH": {
    "merra": [
      3.208208067765011,
      3.7088212620902197,
      5.643255039949725,
      6.713420118933212,
      6.649415357062462,
      6.985532296737617,
      5.938432338584049,
      6.055927130477489,
      5.94396088239886,
      5.68602081447205,
      4.681326179657896,
      3.608783292339969
    ],
    "era5": [
      2.811069242293937,
      3.324472146621276,
      5.132914101204458,
      6.115922163046722,
      5.793293472399964,
      6.335109120313805,
      5.725470326410576,
      5.6239425472078555,
      5.118711190095186,
      4.744537846720253,
      4.017080125999864,
      2.883650599211762
    ],
    "merra_importance_attrs": [
      0.02012552,
      0.02064683,
      0.03598798,
      0.2129617,
      0.06512916,
      0.05910073,
      0.05883595,
      0.30395663,
      0.04603552,
      0.11768941,
      0.04067507,
      0.01885549
    ],
    "era5_importance_attrs": [
      0.0445323,
      0.04407366,
      0.0455213,
      0.14234475,
      0.09053766,
      0.08543246,
      0.09421367,
      0.16955547,
      0.06163623,
      0.1033232,
      0.08884419,
      0.02998512
    ],
    "merra_rmse": 5.52,
    "era5_rmse": 4.92
  },
  "SolarRad": {
    "merra": [
      0.026288100506785962,
      0.03929949051810299,
      0.06717699413519343,
      0.05739532518760922,
      0.040825611163171585,
      0.033072531811795355,
      0.03638212549247236,
      0.05082642239447816,
      0.05403100683727036,
      0.045919290463406794,
      0.03542859780494283,
      0.012189794176052923
    ],
    "era5": [
      0.03208357277292239,
      0.04681778787831305,
      0.06991538786705308,
      0.05436929614630998,
      0.03708142803955676,
      0.037111594554357225,
      0.04520351175772222,
      0.06681072403330936,
      0.06063932467647164,
      0.054890848946720985,
      0.03630855484221622,
      0.017377233801548122
    ],
    "merra_importance_attrs": [
      0.00123439,
      0.01337464,
      0.00348216,
      0.04986778,
      0.00210014,
      0.02412689,
      0.00192622,
      0.07710412,
      0.17915257,
      0.07361223,
      0.57266017,
      0.00135871
    ],
    "era5_importance_attrs": [
      7.67450326e-04,
      1.06331930e-02,
      1.00920660e-03,
      1.04407914e-01,
      1.38268088e-03,
      5.96566227e-03,
      2.71876574e-03,
      1.85172514e-02,
      2.12191934e-01,
      1.35917219e-01,
      5.06212816e-01,
      2.75906444e-04
    ],
    "merra_rmse": 0.0434,
    "era5_rmse": 0.0487
  }
}